commit,timestamp,ggml_ms,src_ms,common_ms,tools_ms,tests_ms
64d528b,1785391579,14644,55517,36583,61960,47563
32703b4,1785394357,14837,56133,36940,62533,48279
b2f2216,1785402194,14876,56419,37165,62849,48428
9b2a088,1785404447,15837,58548,38097,63842,49335
e1a1abb,1785422075,14948,56509,37210,62829,48387
958d9c0,1785432296,14892,56276,37036,62572,48713
5f55650,1785463935,14781,55228,36459,61723,48114
876a432,1785550413,14683,55302,36549,61844,48247
11924d4,1785636619,14758,55264,36417,61759,47956
221f0f6,1785723161,15390,57900,38120,63722,50235
6c8dcaa,1785811216,15720,58807,38067,63333,51655
