commit,timestamp,total,ggml,src,common,tools,tests,examples,other
8d9af25,1787506361,889,353,199,73,139,37,15,73
c060ca9,1787535543,889,353,199,73,139,37,15,73
c060ca9,1787548289,889,353,199,73,139,37,15,73
f280b26,1787621285,886,349,200,73,139,37,15,73
d222767,1787708308,886,349,200,73,139,37,15,73
d7a2074,1787819253,886,349,200,73,139,37,15,73
b19cbe9,1787913691,889,349,203,73,139,37,15,73
c9ca51c,1787992889,889,349,203,73,139,37,15,73
57291f2,1788064818,890,350,203,73,139,37,15,73
9723942,1788151464,890,350,203,73,139,37,15,73
09412af,1788236668,890,350,203,73,139,37,15,73
b96806d,1788320849,889,350,203,73,139,36,15,73
67a17c1,1788407234,890,350,203,73,140,36,15,73
f9f09f0,1788493709,892,350,204,73,140,37,15,73
4d91760,1788580612,892,350,204,73,140,37,15,73
74a7c89,1788666630,892,350,204,73,140,37,15,73
465e49b,1788752959,892,350,204,73,140,37,15,73
9dcf84e,1788839635,889,349,204,73,140,35,15,73
304665f,1788926357,889,349,204,73,140,35,15,73
434ddbb,1789012663,887,348,204,72,140,35,15,73
df03399,1789098908,886,347,204,72,140,35,15,73
3f5e94d,1789189047,895,349,204,72,140,38,15,77
790cf51,1789272304,891,349,204,71,140,37,13,77
093a2f8,1789359225,892,349,204,71,140,37,13,78
bbdd9f2,1789390357,893,350,204,71,140,37,13,78
4c9233c,1789445632,892,350,204,71,139,37,13,78
930e2fa,1789531753,892,349,204,71,139,37,13,79
35822af,1789621327,896,349,208,71,139,37,13,79
972d231,1789704039,895,348,208,71,139,37,13,79
60081bb,1789790320,894,348,207,71,139,37,13,79
f072b10,1789877740,894,347,207,72,139,37,13,79
ce8caa6,1789963988,893,347,206,72,139,37,13,79
c550d2f,1790050183,895,346,206,72,139,40,13,79
e6ab7c1,1790136382,894,346,206,72,139,39,13,79
bd4f514,1790222461,895,348,205,72,139,39,13,79
f805c57,1790309756,900,348,209,72,139,39,13,80
9f70b2c,1790400165,902,349,210,72,139,39,13,80
